0,res_frame_1.npy
1,res_frame_2.npy
2,res_frame_3.npy
3,res_frame_4.npy
4,res_frame_5.npy
5,res_frame_6.npy
6,res_frame_7.npy
7,res_frame_8.npy
8,res_frame_9.npy
9,res_frame_10.npy
10,res_frame_11.npy
11,res_frame_12.npy
12,res_frame_13.npy
13,res_frame_14.npy
14,res_frame_15.npy
15,res_frame_16.npy
16,res_frame_17.npy
17,res_frame_18.npy
18,res_frame_19.npy
19,res_frame_20.npy
20,res_frame_21.npy
21,res_frame_22.npy
22,res_frame_23.npy
23,res_frame_24.npy
24,res_frame_25.npy
25,res_frame_26.npy
26,res_frame_27.npy
27,res_frame_28.npy
28,res_frame_29.npy
29,res_frame_30.npy
30,res_frame_31.npy
31,res_frame_32.npy
32,res_frame_33.npy
33,res_frame_34.npy
34,res_frame_35.npy
35,res_frame_36.npy
36,res_frame_37.npy
37,res_frame_38.npy
38,res_frame_39.npy
39,res_frame_40.npy
40,res_frame_41.npy
41,res_frame_42.npy
42,res_frame_43.npy
43,res_frame_44.npy
44,res_frame_45.npy
45,res_frame_46.npy
46,res_frame_47.npy
47,res_frame_48.npy
48,res_frame_49.npy
49,res_frame_50.npy
50,res_frame_51.npy
51,res_frame_52.npy
52,res_frame_53.npy
53,res_frame_54.npy
54,res_frame_55.npy
55,res_frame_56.npy
56,res_frame_57.npy
57,res_frame_58.npy
58,res_frame_59.npy
59,res_frame_60.npy
60,res_frame_61.npy
61,res_frame_62.npy
62,res_frame_63.npy
63,res_frame_64.npy
64,res_frame_65.npy
65,res_frame_66.npy
66,res_frame_67.npy
67,res_frame_68.npy
68,res_frame_69.npy
69,res_frame_70.npy
70,res_frame_71.npy
71,res_frame_72.npy
72,res_frame_73.npy
73,res_frame_74.npy
74,res_frame_75.npy
75,res_frame_76.npy
76,res_frame_77.npy
77,res_frame_78.npy
78,res_frame_79.npy
79,res_frame_80.npy
80,res_frame_81.npy
81,res_frame_82.npy
82,res_frame_83.npy
83,res_frame_84.npy
84,res_frame_85.npy
85,res_frame_86.npy
86,res_frame_87.npy
87,res_frame_88.npy
88,res_frame_89.npy
89,res_frame_90.npy
90,res_frame_91.npy
91,res_frame_92.npy
92,res_frame_93.npy
93,res_frame_94.npy
94,res_frame_95.npy
95,res_frame_96.npy
96,res_frame_97.npy
97,res_frame_98.npy
98,res_frame_99.npy
99,res_frame_100.npy
100,res_frame_101.npy
101,res_frame_102.npy
102,res_frame_103.npy
103,res_frame_104.npy
104,res_frame_105.npy
105,res_frame_106.npy
106,res_frame_107.npy
107,res_frame_108.npy
108,res_frame_109.npy
109,res_frame_110.npy
110,res_frame_111.npy
111,res_frame_112.npy
112,res_frame_113.npy
113,res_frame_114.npy
114,res_frame_115.npy
115,res_frame_116.npy
116,res_frame_117.npy
117,res_frame_118.npy
118,res_frame_119.npy
119,res_frame_120.npy
120,res_frame_121.npy
121,res_frame_122.npy
122,res_frame_123.npy
123,res_frame_124.npy
124,res_frame_125.npy
125,res_frame_126.npy
126,res_frame_127.npy
127,res_frame_128.npy
128,res_frame_129.npy
129,res_frame_130.npy
130,res_frame_131.npy
131,res_frame_132.npy
132,res_frame_133.npy
133,res_frame_134.npy
134,res_frame_135.npy
135,res_frame_136.npy
